Seq,Length,GC content
AATCCTTAAACTAGC,15,33
AATATGAGAGGTATTGT,17,29
GAACCCATCCG,11,64
GGACAATGTT,10,40
CACTGATTAAACTAACAT,18,28
AACTCTTGCCTAGA,14,43
TTTGAC,6,33
AACCGCACTAG,11,55
CCGGATACCCTGAAACCCG,19,63
GGTTACCGCCG,11,73
GTGGGTAAACTC,12,50
ACATGCCATAACATG,15,40
CGTCACTGGGTGTG,14,64
GGCCATCGCGCGGAGTC,17,76
CATCTTGTAGGACATGT,17,41
TCCTCTGATTTA,12,33
ATATAG,6,17
CGCTCTCCCTCA,12,67
GTGTGCAGATC,11,55
TGGTTTCCT,9,44
CCTGGTTACTCC,12,58
AACAACAGGAAA,12,33
CTCACACCA,9,56
GGATTAA,7,29
TAGACACGGTTATTG,15,40
